"","NMDS1","NMDS2","NMDS3","grp.source","sample","location","grp.fit"
"1",-0.475295215228932,-0.0936899796195733,0.00571710301566535,"Default","syleo","Default",0
"2",0.304084390873598,-0.124583880229699,-0.0116739756901128,"Default","chlorella","Default",0
"3",0.399101635219518,0.0200428865872393,0.0472946271137857,"Default","phaeo","Default",0
"4",0.138502866439703,0.165350306717178,0.0346199282767753,"Default","crypto","Default",0
"25",0.300548999073704,0.0116107908136127,0.0198168498882941,"2018","2018_S1_21350001","Beed's Lake",0
"26",0.161570029415015,0.0072696685310549,-0.062358312878838,"2018","2018_S1_21940001","Brushy Creek",0
"27",0.264475412796639,-0.012638604905603,0.00617003746252255,"2018","2018_S1_21170001","Clear Lake",0
"28",0.318920017112681,0.0152638926678891,0.0218543452647072,"2018","2018_S1_21810001","Denison",0
"29",0.252582250655384,0.0197693718677682,0.0403714783285978,"2018","2018_S1_21420001","Lower Pine Lake",3
"30",0.261349664644484,0.0263861897155342,0.0051756050485921,"2018","2018_S1_21170002","McIntosh Woods",0
"31",-0.034930774416097,0.167916131903859,0.00704817645000163,"2018","2018_S1_21130002","North Twin East",36
"32",0.00823600444222874,0.150351848449143,-0.0213033413147811,"2018","2018_S1_21130001","North Twin West",32
"33",0.28450398857613,-0.0823926779094442,0.0286290435145572,"2018","2018_S1_21500001","Rock Creek",5
"34",0.341269376392365,0.0225388096192829,0.0277157856869912,"2018","2018_S2_21350001","Beed's Lake",0
"35",0.301322517072215,-0.0332770525764714,0.0442241474728942,"2018","2018_S2_21810002","Black Hawk",8
"36",0.0608002269711758,0.00877059226788812,5.77522979948922e-05,"2018","2018_S2_21940001","Brushy Creek",2
"37",0.154083552001518,-0.0114522135604394,-0.00117512042775725,"2018","2018_S2_21170001","Clear Lake",0
"38",0.21599277942094,0.0357841391940604,-0.0161771014996144,"2018","2018_S2_21810001","Denison",3
"39",0.298940948264428,-0.0334316857398101,0.0468936402929331,"2018","2018_S2_21420001","Lower Pine Lake",7
"40",0.223891662899498,-0.0094575265541655,0.0231896198183286,"2018","2018_S2_21170002","McIntosh Woods",2
"41",0.0706472542835088,0.0949946433645599,-0.0253845612305912,"2018","2018_S2_21130002","North Twin East",13
"42",0.0558161770799978,0.102628460428002,-0.0268253690100853,"2018","2018_S2_21130001","North Twin West",11
"43",0.211175693803084,-0.0339052558612475,0.00370016969642855,"2018","2018_S2_21500001","Rock Creek",0
"44",0.334184553318089,-0.0343446488464461,0.0211787304281192,"2018","2018_S3_21350001","Beed's Lake",0
"45",0.305875869260601,0.0161973426333339,0.040473504667289,"2018","2018_S3_21810002","Black Hawk",6
"46",0.248103599914142,0.0343930306774711,-0.0115202352411106,"2018","2018_S3_21940001","Brushy Creek",3
"47",0.100199071068185,-0.0192650491008784,-0.00650780542215225,"2018","2018_S3_21170001","Clear Lake",0
"48",0.193999777845101,-0.00140608190044757,0.0118517030829106,"2018","2018_S3_21810001","Denison",1
"49",0.266324392311617,-0.000906792152873315,0.0228166349058587,"2018","2018_S3_21420001","Lower Pine Lake",2
"50",0.154448305110532,-0.0204444907397471,0.0080424098828611,"2018","2018_S3_21170002","McIntosh Woods",2
"51",0.0167753870393811,0.104082489840223,-0.0177775177108163,"2018","2018_S3_21130002","North Twin East",8
"52",0.00943936072101767,0.114012917125178,-0.017068032957335,"2018","2018_S3_21130001","North Twin West",14
"53",0.25913113072169,-0.0138308928290265,0.00564273291941914,"2018","2018_S3_21500001","Rock Creek",0
"54",0.0647671577964128,-0.015777195695152,-0.00383716505698047,"2018","2018_S4_21810002","Black Hawk",2
"55",0.195512328190035,0.013655699966868,0.0223251802585031,"2018","2018_S4_21940001","Brushy Creek",2
"56",0.0120727500690164,0.00846370719233298,-0.0139076342649896,"2018","2018_S4_21170001","Clear Lake",0
"57",0.327760350238423,-0.0249309126408026,0.0490949331983057,"2018","2018_S4_21810001","Denison",4
"58",0.215377325771483,0.0166206365583731,0.0175244924712124,"2018","2018_S4_21420001","Lower Pine Lake",1
"59",0.0166428653325041,0.0297934126960558,-0.00648078932740066,"2018","2018_S4_21170002","McIntosh Woods",1
"60",0.0137691687414418,0.102389810546687,-0.0182134745552296,"2018","2018_S4_21130002","North Twin East",9
"61",0.035062166013292,0.096962861500806,-0.0216285194524898,"2018","2018_S4_21130001","North Twin West",7
"62",0.221964447120569,-0.0408770495099149,-0.0100797735469617,"2018","2018_S4_21500001","Rock Creek",1
"63",0.251637629263172,0.0223143487539372,0.0302832799625538,"2018","2018_S5_21350001","Beed's Lake",0
"64",0.197851551608966,-0.0381720331078287,0.0096442121996197,"2018","2018_S5_21810002","Black Hawk",3
"65",0.0692788290789742,-0.0592098639634767,0.191745022769733,"2018","2018_S5_21940001","Brushy Creek",0
"66",0.0881815119164741,-0.0207065992579101,-0.00867156162733231,"2018","2018_S5_21170001","Clear Lake",0
"67",0.173626253897281,-0.00250013371159029,0.00599546940972175,"2018","2018_S5_21810001","Denison",0
"68",0.0949878274213971,0.0151175689611379,-0.00436882684494026,"2018","2018_S5_21420001","Lower Pine Lake",0
"69",-0.0922359896709473,0.0145230084693345,0.00745888478040278,"2018","2018_S5_21170002","McIntosh Woods",0
"70",-0.0208650155092474,0.108502817430054,-0.0118917450124062,"2018","2018_S5_21130002","North Twin East",12
"71",-0.00262756976498205,0.0988587056050804,-0.017608548292961,"2018","2018_S5_21130001","North Twin West",9
"72",0.127166160272948,-0.00392047977490375,-0.0124617173011363,"2018","2018_S5_21500001","Rock Creek",1
"73",0.318943127068123,-0.0380657630687894,0.0329228930899266,"2018","2018_S6_21350001","Beed's Lake",1
"74",0.184801292252843,-0.022299156043027,0.00831572209195439,"2018","2018_S6_21810002","Black Hawk",1
"75",0.345516451068357,0.0169108660548686,0.0185563072223927,"2018","2018_S6_21940001","Brushy Creek",0
"76",0.0116321316849964,0.0143057552070665,-0.0143333848278479,"2018","2018_S6_21170001","Clear Lake",0
"77",0.24179069682803,-0.0147344068220484,0.0116235367238888,"2018","2018_S6_21810001","Denison",1
"78",-0.00907251937985549,0.000450836036027903,-0.0194132645014802,"2018","2018_S6_21420001","Lower Pine Lake",0
"79",-0.0355070326193348,0.0297753671218996,-0.00597078252361451,"2018","2018_S6_21170002","McIntosh Woods",0
"80",-0.0283566510003112,0.107349221616589,-0.00822708416690724,"2018","2018_S6_21130002","North Twin East",9
"81",-0.0207134691020003,0.104676452750148,-0.0107018187146664,"2018","2018_S6_21130001","North Twin West",9
"82",0.359657456020375,0.00466477306087642,0.0417053504790947,"2018","2018_S7_21350001","Beed's Lake",0
"83",0.237320020093763,-0.020288719987482,0.0150584076723406,"2018","2018_S7_21810002","Black Hawk",1
"84",0.318019032210713,-0.0105240760201105,0.0122403953305596,"2018","2018_S7_21940001","Brushy Creek",1
"85",0.00341804094440018,0.0115791313463139,-0.0142015536390147,"2018","2018_S7_21170001","Clear Lake",0
"86",0.25454545331736,0.0177752773175831,0.0234333527678721,"2018","2018_S7_21810001","Denison",1
"87",-0.0982335524003382,-0.00527617098515331,-0.0236352719007556,"2018","2018_S7_21420001","Lower Pine Lake",0
"88",0.012045193125086,-0.011177744381556,-0.0170884120046577,"2018","2018_S7_21170002","McIntosh Woods",1
"89",-0.0122079458888338,0.102042157798414,-0.0132965414759581,"2018","2018_S7_21130002","North Twin East",9
"90",-0.0465388348286238,0.11734350139715,-0.000949637680458027,"2018","2018_S7_21130001","North Twin West",13
"91",0.175405900710541,0.0135684303885448,-0.00256383278747742,"2018","2018_S7_21500001","Rock Creek",1
"92",0.341465718263442,-0.0240455830838026,0.0447512095005186,"2018","2018_S8_21350001","Beed's Lake",3
"93",0.081857446996098,-0.0473458844773434,-0.0378519296955357,"2018","2018_S8_21810002","Black Hawk",0
"94",0.272546032228187,-0.0724209306786293,-0.0121096175748866,"2018","2018_S8_21940001","Brushy Creek",2
"95",0.00067584630109588,0.000161904571321118,-0.016206650050683,"2018","2018_S8_21170001","Clear Lake",0
"96",0.0779768507853084,-0.0563268091252197,0.0289528609960408,"2018","2018_S8_21810001","Denison",3
"97",0.229888739172013,-0.072268715907562,-0.00250149304095463,"2018","2018_S8_21420001","Lower Pine Lake",2
"98",0.0427618695633887,-0.0263387100250199,-0.0212459783872229,"2018","2018_S8_21170002","McIntosh Woods",1
"99",-0.0249534643856466,0.0502609021924798,-0.0115302729726329,"2018","2018_S8_21130002","North Twin East",2
"100",-0.0638575801314595,0.0687673880977349,0.00500643595729977,"2018","2018_S8_21130001","North Twin West",4
"101",-0.0153281721006994,-0.0118859717953075,-0.0258894630058104,"2018","2018_S8_21500001","Rock Creek",0
"102",0.21432238522001,-0.0720496512125205,-0.005367102712161,"2018","2018_S9_21350001","Beed's Lake",2
"103",0.00434306480806382,-0.016451962118264,-0.0369436786297285,"2018","2018_S9_21810002","Black Hawk",1
"104",0.211711210325496,-0.0120338851096714,0.0144020635189658,"2018","2018_S9_21940001","Brushy Creek",0
"105",0.101472689823813,-0.0290440158805597,-0.00651966882825495,"2018","2018_S9_21170001","Clear Lake",1
"106",-0.011957991547382,-0.0124744718188764,-0.0339533748085014,"2018","2018_S9_21810001","Denison",0
"107",0.0455650274855891,-0.0226921377691457,-0.0300264681739925,"2018","2018_S9_21420001","Lower Pine Lake",0
"108",0.0265325571050368,-0.0189282837646842,-0.0240518315799469,"2018","2018_S9_21170002","McIntosh Woods",1
"109",-0.101514148913948,0.0433756568441421,0.0102093336111717,"2018","2018_S9_21130002","North Twin East",2
"110",-0.11456586256288,0.0597697339545481,0.0237459158388563,"2018","2018_S9_21130001","North Twin West",3
"111",-0.0575562541520478,-0.0103471774108627,-0.0374892459017234,"2018","2018_S9_21500001","Rock Creek",1
"112",0.254729340446119,-0.0257983937047748,0.0235549173287442,"2018","2018_S10_21350001","Beed's Lake",3
"113",0.0765444220368213,-0.033883397703835,-0.026816009565281,"2018","2018_S10_21810002","Black Hawk",1
"114",0.246849273075261,0.0417288926789656,0.014912196878891,"2018","2018_S10_21940001","Brushy Creek",0
"115",0.0180135913735491,-0.0136357487933977,-0.0224945859553779,"2018","2018_S10_21170001","Clear Lake",0
"116",0.0159407416195659,-0.00868282300595208,-0.0217544969299676,"2018","2018_S10_21810001","Denison",1
"117",0.0733344490481769,-0.00706015095163281,-0.0123125228411345,"2018","2018_S10_21420001","Lower Pine Lake",0
"118",-0.0405165493894788,-0.00988412433988324,-0.0295611680577281,"2018","2018_S10_21170002","McIntosh Woods",0
"119",-0.104652850043282,0.0201625152111958,-0.000608971482528982,"2018","2018_S10_21130002","North Twin East",1
"120",-0.106681830625918,0.0379532995633453,0.00960324259978186,"2018","2018_S10_21130001","North Twin West",0
"121",0.0308213828417287,-0.00547582293998097,-0.0141915143295141,"2018","2018_S10_21500001","Rock Creek",2
"122",0.234224346049643,-0.0387902217054904,0.0166072676874765,"2018","2018_S11_21350001","Beed's Lake",1
"123",0.125030787365621,-0.0343914762386007,-0.00987551187647489,"2018","2018_S11_21810002","Black Hawk",0
"124",0.235104636914414,0.0359161764782004,0.0188297671094503,"2018","2018_S11_21940001","Brushy Creek",0
"125",-0.037900105651087,-0.0123377275600212,-0.0359747981710578,"2018","2018_S11_21170001","Clear Lake",1
"126",0.0958547680692192,-0.0244586037039181,-0.00777349355265667,"2018","2018_S11_21810001","Denison",1
"127",0.186440862174695,-0.0177197725914895,-0.0103492757983593,"2018","2018_S11_21420001","Lower Pine Lake",2
"128",0.0103325923358204,-0.0123429525309048,-0.0252318354502473,"2018","2018_S11_21170002","McIntosh Woods",1
"129",-0.134054710848543,0.01824032174059,0.00695599776733237,"2018","2018_S11_21130002","North Twin East",0
"130",-0.121609981699431,0.0247170754087308,0.00673930488921435,"2018","2018_S11_21130001","North Twin West",1
"131",0.121010688197619,0.0103793017336083,-0.0129892319606662,"2018","2018_S11_21500001","Rock Creek",1
"132",0.214540843248185,0.00824261571147678,0.0188349277213886,"2018","2018_S12_21350001","Beed's Lake",1
"133",0.125914107236258,-0.0335381559161992,-0.00596326792732918,"2018","2018_S12_21810002","Black Hawk",1
"134",0.22734520691663,0.0160513758459804,0.0238502863242405,"2018","2018_S12_21940001","Brushy Creek",2
"135",-0.0108662366695143,-0.0110564614724947,-0.0285605933143793,"2018","2018_S12_21170001","Clear Lake",0
"136",0.162731861904693,-0.0105469141471826,0.00933875650923835,"2018","2018_S12_21810001","Denison",1
"137",0.201684871941,-0.00594190580037246,-0.0202261468284998,"2018","2018_S12_21420001","Lower Pine Lake",2
"138",-0.080596454369036,0.00272537812988726,-0.00963819080876532,"2018","2018_S12_21170002","McIntosh Woods",0
"139",-0.125308220766846,0.0320728104080792,0.0108763195881386,"2018","2018_S12_21130002","North Twin East",1
"140",-0.105506834656911,0.0285385917487524,0.00265004033645791,"2018","2018_S12_21130001","North Twin West",1
"141",0.0691351599764959,-0.0103281994827445,-0.0155536336145174,"2018","2018_S12_21500001","Rock Creek",0
"142",0.223533817176885,0.0436512837979955,0.0141560184480398,"2018","2018_S13_21350001","Beed's Lake",0
"143",0.119732602852536,-0.0115717770627854,-0.000750426607434827,"2018","2018_S13_21810002","Black Hawk",0
"144",0.0616737058650347,0.00223485213321476,0.00921141373111747,"2018","2018_S13_21940001","Brushy Creek",4
"145",-0.0523846936355347,-0.00291413069031386,-0.0164321498096267,"2018","2018_S13_21170001","Clear Lake",0
"146",0.123576611247187,-0.0137561329157225,-1.40127312836951e-05,"2018","2018_S13_21810001","Denison",0
"147",0.0479865872839056,0.0213698386691464,-0.00504471815173762,"2018","2018_S13_21420001","Lower Pine Lake",1
"148",0.0313756391882226,-0.000635052795780189,-0.00743644851830521,"2018","2018_S13_21170002","McIntosh Woods",1
"149",-0.11587632154474,0.0162709659872043,0.000851751913127215,"2018","2018_S13_21130002","North Twin East",0
"150",-0.142520250829342,0.0198891911408802,0.0108986283914399,"2018","2018_S13_21130001","North Twin West",1
"151",0.0198886310078173,-0.0273239799955498,-0.0321938977841199,"2018","2018_S13_21500001","Rock Creek",1
"152",0.249280698222769,-0.00504113237242728,-0.00892386071600458,"2018","2018_S14_21350001","Beed's Lake",1
"153",0.122443470478861,0.00245034479978595,-0.000660203729352177,"2018","2018_S14_21810002","Black Hawk",0
"154",-0.15951676315824,-0.00614409286454422,-0.000158793656478429,"2018","2018_S14_21940001","Brushy Creek",0
"155",-0.149599555938525,0.00575609191890773,0.0122051934657005,"2018","2018_S14_21170001","Clear Lake",0
"156",0.111474937603242,0.0291160256097222,0.0015915271626635,"2018","2018_S14_21810001","Denison",0
"157",-0.0658873596810572,0.0130318402614989,-0.011639575221393,"2018","2018_S14_21420001","Lower Pine Lake",0
"158",-0.160401450527897,0.0181763622351173,0.0331726375665551,"2018","2018_S14_21170002","McIntosh Woods",0
"159",-0.224029057097831,0.00548248605324749,0.0253828835994439,"2018","2018_S14_21130002","North Twin East",1
"160",-0.189473083289303,0.00881323911598163,0.0232622123306798,"2018","2018_S14_21130001","North Twin West",1
"161",0.0289548010159843,-0.023906256810666,-0.00273738828505139,"2018","2018_S14_21500001","Rock Creek",0
"162",0.209446704049044,0.0366357471428529,-0.0122198822474439,"2018","2018_S15_21350001","Beed's Lake",2
"163",0.0820643611798067,0.0156657266071572,-0.00892563128665064,"2018","2018_S15_21810002","Black Hawk",0
"164",0.0494738879559749,0.0409824111026144,-0.00517190238476382,"2018","2018_S15_21940001","Brushy Creek",0
"165",-0.103436832996034,0.00673965839728456,-0.00596186874988081,"2018","2018_S15_21170001","Clear Lake",0
"166",0.118300963359316,0.0151552658652877,-0.000723926328772762,"2018","2018_S15_21810001","Denison",0
"167",-0.0688351381921779,0.0221928141619144,-0.00126723180215201,"2018","2018_S15_21420001","Lower Pine Lake",0
"168",-0.113907621092869,0.0169252752069947,0.0094001748213282,"2018","2018_S15_21170002","McIntosh Woods",0
"169",-0.216314971193712,0.00325576385627125,0.024246111373835,"2018","2018_S15_21130002","North Twin East",1
"170",-0.192164430522089,0.00492938112827973,0.0218011513547942,"2018","2018_S15_21130001","North Twin West",1
"171",-0.0157308220677382,0.00358835154119552,-0.0139010296173869,"2018","2018_S15_21500001","Rock Creek",0
"172",0.267179683330608,0.0160971283572768,0.0201879435896237,"2019","2019_1_21500001","Big Creek",1
"173",0.352391435967,-0.00871740823742583,0.0555710232325176,"2019","2019_1_21810002","Black Hawk",5
"174",0.298330704763336,0.0269958494017439,0.0131535531839345,"2019","2019_1_21940001","Brushy Creek",0
"175",0.310325342496226,0.0359796939748838,0.00489885690802744,"2019","2019_1_21810001","Denison",2
"176",0.208678382274007,-0.0102206652822361,-0.0081582984277598,"2019","2019_1_21420001","Green Valley",1
"177",0.324262934426177,-0.0256242244453465,0.0449116227023127,"2019","2019_1_21170002","Lake Anita",5
"178",0.318836872433656,-0.0119706651599651,0.0368053507221927,"2019","2019_1_21350001","Lake of Three Fires",1
"179",-0.102926103451724,0.14487117972106,0.0412737553219744,"2019","2019_1_21130002","North Twin East",15
"180",-0.109376426430574,-0.00453706436791256,-0.00933392558743788,"2019","2019_1_21170001","Viking Lake",0
"181",0.193203146847521,0.0519134736004431,0.0165464522014858,"2019","2019_2_21500001","Big Creek",0
"182",0.294782356475292,-0.0239670390115587,0.0195341417408221,"2019","2019_2_21810002","Black Hawk",0
"183",0.288815372109382,0.0291389086655739,0.0369964218057061,"2019","2019_2_21940001","Brushy Creek",1
"184",0.297749650655889,-0.0162219849060038,0.0230639008724814,"2019","2019_2_21810001","Denison",0
"185",0.106212099997165,0.0479333774100409,-0.0136741096942511,"2019","2019_2_21420001","Green Valley",2
"186",0.247153742024694,-0.041511947689285,0.0242853221433025,"2019","2019_2_21170002","Lake Anita",2
"187",0.245422794341459,0.0210436406864847,-0.00291932846430428,"2019","2019_2_21350001","Lake of Three Fires",0
"188",-0.0974216592278827,0.162733208607953,0.0357561121839819,"2019","2019_2_21130002","North Twin East",27
"189",-0.0885434682507968,0.163034278412158,0.0302680827271089,"2019","2019_2_21130001","North Twin West",27
"190",0.0706766164536543,0.0367253005883047,-0.00356928486398211,"2019","2019_2_21170001","Viking Lake",0
"191",0.292411271867056,-0.00490219507281476,0.0308501314426883,"2019","2019_3_21500001","Big Creek",1
"192",0.205367638279117,0.012755002424159,0.0227634225198988,"2019","2019_3_21810002","Black Hawk",1
"193",0.21954054925016,0.0529774546183193,0.0402127989950068,"2019","2019_3_21940001","Brushy Creek",2
"194",0.336054133037423,0.0109826788770074,0.0315985114508603,"2019","2019_3_21810001","Denison",0
"195",-0.208774123308877,-0.00370113908644817,0.0331078588225245,"2019","2019_3_21420001","Green Valley",0
"196",0.13375052128567,-0.00520362335032996,-0.0003817332801816,"2019","2019_3_21170002","Lake Anita",1
"197",0.284132402998725,-0.0162856856797207,0.0167509990737203,"2019","2019_3_21350001","Lake of Three Fires",0
"198",-0.0443441570342052,0.137549790957016,0.00237463320402694,"2019","2019_3_21130002","North Twin East",16
"199",-0.0752139717342904,0.150741854339834,0.0194645999320785,"2019","2019_3_21130001","North Twin West",15
"200",-0.12543748405511,0.00522288827914164,0.000131486108384425,"2019","2019_3_21170001","Viking Lake",0
"201",0.193866520743442,0.0123361948331249,0.021657541087777,"2019","2019_4_21500001","Big Creek",1
"202",0.113372901445224,-0.0244878869282901,0.00315114272422641,"2019","2019_4_21810002","Black Hawk",2
"203",0.196115335894976,0.0464155772422396,0.0366045145833143,"2019","2019_4_21940001","Brushy Creek",2
"204",0.249249978245306,0.0033252021116356,-0.00361138304220314,"2019","2019_4_21810001","Denison",0
"205",-0.197705709808952,-0.00690075071870815,0.0134946884425028,"2019","2019_4_21420001","Green Valley",0
"206",0.0366834857528649,0.00732684776746981,-0.0152388787834084,"2019","2019_4_21170002","Lake Anita",0
"207",-0.154631516858682,0.00321479820834699,0.00474036764823846,"2019","2019_4_21350001","Lake of Three Fires",0
"208",0.0950897666120357,0.0508709882375714,-0.0132220873083868,"2019","2019_4_21130002","North Twin East",0
"209",0.0362543923235356,0.0932280311321745,-0.0222999466051795,"2019","2019_4_21130001","North Twin West",6
"210",0.110076814046563,0.00894405185627452,-0.0131198977237636,"2019","2019_4_21170001","Viking Lake",0
"211",0.282858768364367,-0.117758589073486,0.0046296739179755,"2019","2019_5_21500001","Big Creek",8
"212",0.20185399499318,0.00978623868762741,0.00556849934384317,"2019","2019_5_21810002","Black Hawk",0
"213",0.276103986655642,-0.0692790005429748,0.0655038632439693,"2019","2019_5_21940001","Brushy Creek",11
"214",0.139317300687604,0.0202001151864166,-0.00334818568393057,"2019","2019_5_21810001","Denison",0
"215",-0.233973066882777,-0.0139762540125164,0.0305276120145524,"2019","2019_5_21420001","Green Valley",0
"216",-0.00124858416835461,0.0170319779473336,-0.013764897959997,"2019","2019_5_21170002","Lake Anita",0
"217",-0.296152559953495,-0.0355222182202194,0.0337617269916252,"2019","2019_5_21350001","Lake of Three Fires",0
"218",0.0956887116069752,-0.0023998113711854,-0.0047090223110525,"2019","2019_5_21130002","North Twin East",0
"219",0.104418237423676,0.000594329992892659,-0.00219256904855808,"2019","2019_5_21130001","North Twin West",0
"220",-0.0229382058043261,0.0144099334258787,-0.0147267485583843,"2019","2019_5_21170001","Viking Lake",0
"221",0.311321556022085,0.0127879617202889,0.0225891335769784,"2019","2019_6_21500001","Big Creek",0
"222",-0.167534620808963,-0.00165302125706569,-0.00115498728772945,"2019","2019_6_21810002","Black Hawk",0
"223",0.213744658913435,0.0212676808679977,0.039626778224757,"2019","2019_6_21940001","Brushy Creek",4
"224",0.0663415369363503,0.00972409357670462,-0.0163588088909773,"2019","2019_6_21810001","Denison",0
"225",-0.259020992040353,-0.0122194091302224,0.0612233153330326,"2019","2019_6_21420001","Green Valley",1
"226",-0.0378541660811065,0.0142678583672164,-0.0141872868447389,"2019","2019_6_21170002","Lake Anita",0
"227",-0.309193577120381,-0.0400189988999977,0.0338709196324855,"2019","2019_6_21350001","Lake of Three Fires",0
"228",0.0217392620843471,-0.0099211908457117,-0.0184959674273555,"2019","2019_6_21130002","North Twin East",0
"229",0.045421281828645,-0.0116582675396228,-0.0167661856818332,"2019","2019_6_21130001","North Twin West",0
"230",-0.0428734836774087,0.0152821269099849,-0.0155486980649931,"2019","2019_6_21170001","Viking Lake",0
"231",0.201926822094717,-0.0128354286788624,-0.00317418437387612,"2019","2019_7_21500001","Big Creek",0
"232",0.22508068118815,0.0246506535484472,0.00778326034538421,"2019","2019_7_21810002","Black Hawk",0
"233",0.212408754525843,-0.080879190368171,0.0357694565992368,"2019","2019_7_21940001","Brushy Creek",0
"234",0.128576546634759,-0.0275223960400597,-0.00575689611747797,"2019","2019_7_21810001","Denison",1
"235",-0.268859453846393,-0.00781027436865801,0.0781725291866135,"2019","2019_7_21420001","Green Valley",1
"236",-0.107633908312579,0.0216772112858652,-0.000171487393317319,"2019","2019_7_21170002","Lake Anita",0
"237",-0.266576731529191,-0.0256419898056248,0.0312357933825094,"2019","2019_7_21350001","Lake of Three Fires",0
"238",0.0866142570558119,-0.0365079141173013,-0.0149673803771972,"2019","2019_7_21130002","North Twin East",3
"239",0.0981273306910257,-0.0290077249533175,-0.00526174618036774,"2019","2019_7_21130001","North Twin West",2
"240",-0.0948823693294663,-0.00317022458007761,-0.0281585783260814,"2019","2019_7_21170001","Viking Lake",0
"241",0.254551660474423,-0.0353951762810951,-0.00630458608133346,"2019","2019_8_21500001","Big Creek",1
"242",0.0487464657431438,0.00602406063212706,-0.0140701628940547,"2019","2019_8_21810002","Black Hawk",0
"243",0.172610067286393,0.0133360925864953,0.0245598459758929,"2019","2019_8_21940001","Brushy Creek",1
"244",0.0312289788611708,0.00629047336499796,-0.0123556759012205,"2019","2019_8_21810001","Denison",0
"245",-0.244892916988329,-0.00893509019590952,0.0595723163250084,"2019","2019_8_21420001","Green Valley",1
"246",-0.0463651808519908,0.0123791000602891,-0.015510634085589,"2019","2019_8_21170002","Lake Anita",0
"247",-0.274275231131641,-0.0256841972842542,0.0445977714166204,"2019","2019_8_21350001","Lake of Three Fires",0
"248",0.231999942117546,-0.0879556909161805,-0.0186158573828318,"2019","2019_8_21130002","North Twin East",0
"249",0.224844757946046,-0.0820857563950468,-0.01472388122842,"2019","2019_8_21130001","North Twin West",0
"250",-0.0142044587335274,-0.00913514540467788,-0.0207268531767522,"2019","2019_8_21170001","Viking Lake",0
"251",0.273166882554213,-0.0228228940427036,0.00487874753220359,"2019","2019_9_21500001","Big Creek",0
"252",-0.0643678007821018,-0.0115047731920987,-0.0406948585532962,"2019","2019_9_21810002","Black Hawk",1
"253",0.177060037772269,-0.0217045830164411,0.0207611385740936,"2019","2019_9_21940001","Brushy Creek",1
"254",-0.111106754868919,-2.33363768291803e-06,-0.0252708781229525,"2019","2019_9_21810001","Denison",0
"255",-0.228335718156913,-0.0120540830731007,0.0436015346806455,"2019","2019_9_21420001","Green Valley",1
"256",-0.0718114230567639,0.0139854864150037,-0.0111618309251723,"2019","2019_9_21170002","Lake Anita",0
"257",-0.281449109187604,-0.0218566936902404,0.0649549522522989,"2019","2019_9_21350001","Lake of Three Fires",0
"258",0.126926856203448,-0.0494383161428307,-0.02728028103021,"2019","2019_9_21130002","North Twin East",0
"259",0.134647271976548,-0.0511296955724732,-0.0239155942971199,"2019","2019_9_21130001","North Twin West",0
"260",-0.0329963265199426,-0.0133622572539495,-0.0323269162028405,"2019","2019_9_21170001","Viking Lake",1
"261",0.186790101526651,-0.0310185660442291,-0.00678945365117987,"2019","2019_10_21500001","Big Creek",0
"262",0.0229311380498181,-0.0137821241891621,-0.0202672371004282,"2019","2019_10_21810002","Black Hawk",0
"263",0.050742193723065,-0.0132068855802411,-0.017298538145463,"2019","2019_10_21940001","Brushy Creek",1
"264",0.0923714860093804,-0.000386217516877299,-0.00574469388472496,"2019","2019_10_21810001","Denison",0
"265",-0.271231365416348,-0.0169453753175572,0.0621354479197255,"2019","2019_10_21420001","Green Valley",1
"266",0.140790230840242,-0.0125635276753032,0.010050670687821,"2019","2019_10_21170002","Lake Anita",0
"267",-0.245665569805598,-0.0109273683704057,0.0502956454406355,"2019","2019_10_21350001","Lake of Three Fires",0
"268",-0.149901285342801,0.00782887062678119,0.02618488892566,"2019","2019_10_21130002","North Twin East",0
"269",0.0873149977862901,-0.0443364104841059,-0.0459520997642974,"2019","2019_10_21130001","North Twin West",0
"270",-0.0857943988357494,0.0111892621430223,-0.00856273834433163,"2019","2019_10_21170001","Viking Lake",NA
"271",0.158811576455749,-0.0382870713373777,-0.00995570694253711,"2019","2019_11_21500001","Big Creek",1
"272",0.0432925103839337,-0.0230685320851421,-0.0223984486599429,"2019","2019_11_21810002","Black Hawk",0
"273",0.14079023084025,-0.0125635276752924,0.0100506706879442,"2019","2019_11_21940001","Brushy Creek",1
"274",0.110740632709292,-0.0142354174127315,-0.0080546397167284,"2019","2019_11_21810001","Denison",0
"275",-0.244903745942807,-0.0171264323828246,0.043493167321579,"2019","2019_11_21420001","Green Valley",1
"276",-0.0760521800865853,0.0185210711877415,-0.00669221994663333,"2019","2019_11_21170002","Lake Anita",0
"277",-0.203545667859277,0.000843376641905588,0.0386224098611434,"2019","2019_11_21350001","Lake of Three Fires",0
"278",-0.141458600738671,0.000485961181871157,-0.0225502753116737,"2019","2019_11_21130002","North Twin East",0
"279",-0.103443106346416,-0.000120125990826491,-0.0319596484687208,"2019","2019_11_21130001","North Twin West",0
"280",0.0655708878633038,-0.0335834274489585,-0.0258320205255287,"2019","2019_12_21500001","Big Creek",1
"281",0.0630787625979389,-0.0258608426605304,-0.0180254829060074,"2019","2019_12_21810002","Black Hawk",1
"282",0.167599663849064,-0.00168266044967034,0.0153018388077313,"2019","2019_12_21940001","Brushy Creek",0
"283",0.110816212280695,-0.0107733421752603,-0.00752368884462643,"2019","2019_12_21810001","Denison",0
"284",-0.238941191396936,-0.0132202402017771,0.0448494327532294,"2019","2019_12_21420001","Green Valley",1
"285",-0.155154827521646,0.00518343144273208,0.0120664049686968,"2019","2019_12_21170002","Lake Anita",0
"286",-0.230778153052828,0.0136932884321214,0.0768688730708961,"2019","2019_12_21350001","Lake of Three Fires",1
"287",-0.186953584358905,-0.00399645226559582,-0.00853838634844999,"2019","2019_12_21130002","North Twin East",0
"288",-0.15815821651832,-0.00125316616317638,-0.0213324580167887,"2019","2019_12_21130001","North Twin West",1
"289",0.0242784715160164,-0.0261070301898162,-0.0266178252368412,"2019","2019_13_21500001","Big Creek",1
"290",0.0207484254942742,-0.00431745232994393,-0.0152973476184151,"2019","2019_13_21810002","Black Hawk",0
"291",0.19089628680001,0.0331282914307132,0.0155598425325458,"2019","2019_13_21940001","Brushy Creek",0
"292",-0.00502272718462695,-0.005140163280968,-0.0185277405853134,"2019","2019_13_21810001","Denison",0
"293",-0.239898358923881,-0.0168616363171373,0.0382195897523086,"2019","2019_13_21420001","Green Valley",1
"294",-0.113477559602569,0.00814541440199435,-0.00864397424565499,"2019","2019_13_21170002","Lake Anita",0
"295",-0.157412817803684,0.0250478413394612,0.0424920879906445,"2019","2019_13_21350001","Lake of Three Fires",0
"296",-0.142418905856319,-0.0038627630500817,-0.0312722074955717,"2019","2019_13_21130002","North Twin East",2
"297",-0.127146929707139,-0.0049561021587453,-0.038666179898388,"2019","2019_13_21130001","North Twin West",1
"298",-0.0136468673549792,-0.00564659870702754,-0.0159957254703751,"2019","2019_14_21500001","Big Creek",0
"299",0.0982498563091928,0.00479993796674984,-0.00886771344636694,"2019","2019_14_21810002","Black Hawk",0
"300",0.165025379131831,-0.00750326522749506,0.0125343644207097,"2019","2019_14_21940001","Brushy Creek",1
"301",0.159441281629992,0.0123608041440124,-0.00960853621998286,"2019","2019_14_21810001","Denison",0
"302",-0.225714769775193,-0.0129221073729435,0.0345090083554368,"2019","2019_14_21420001","Green Valley",0
"303",-0.221410061744879,-0.0107032089402813,0.0121258352079483,"2019","2019_14_21170002","Lake Anita",0
"304",-0.126377860706509,0.0222180626384609,0.020645361523317,"2019","2019_14_21350001","Lake of Three Fires",0
"305",-0.134820952886279,-0.00445481375891208,-0.0353952387082792,"2019","2019_14_21130002","North Twin East",2
"306",-0.137108689208151,-0.00663414632953645,-0.0383894208088948,"2019","2019_14_21130001","North Twin West",2
"307",-0.0688950460941145,0.00181064953001357,-0.0226052980635688,"2019","2019_15_21500001","Big Creek",0
"308",0.112486697144601,0.0145194256078784,-0.0065669813856844,"2019","2019_15_21810002","Black Hawk",0
"309",0.211505311357896,0.0249177617216209,0.0201483784330015,"2019","2019_15_21940001","Brushy Creek",0
"310",0.137026147764748,0.017457726039285,-0.0101439126915576,"2019","2019_15_21810001","Denison",0
"311",-0.207582774752581,0.000284325531030249,0.0466027710682392,"2019","2019_15_21420001","Green Valley",0
"312",-0.2484464677693,-0.0140943584823089,0.0407846496115247,"2019","2019_15_21170002","Lake Anita",0
"313",-0.167187619994148,0.024170846542806,0.0448673531656961,"2019","2019_15_21350001","Lake of Three Fires",0
"314",-0.131373828959962,-0.00485132421970133,-0.0394133513386652,"2019","2019_15_21130002","North Twin East",2
"315",-0.150402373140372,-0.00330731315886623,-0.0324253343369969,"2019","2019_15_21130001","North Twin West",2
"316",0.34064660272601,0.0218215163306444,0.0098609557389379,"2020","2020_S2_21860001","Union Grove",2
"317",-0.0993153878275927,-0.000571454063019421,-0.0412004191910207,"2020","2020_S2_21880001","Green Valley",0
"318",0.0331731552288183,-0.0355130942397137,-0.0468284354956063,"2020","2020_S2_21620001","Lake Keomah",2
"319",-0.0419254199209404,-0.0185702182292867,-0.0289646374868803,"2020","2020_S2_21690001","Viking Lake",6
"320",0.270792421728844,-0.0302793125626312,0.0269800044697864,"2020","2020_S2_21870001","Lake Darling",2
"321",-0.0316749502222203,-0.0125453375367643,-0.0395269070741354,"2020","2020_S3_21690001","Lake Macbride",0
"322",-0.117563008415649,0.00207046180499672,-0.0188366976558777,"2020","2020_S3_21690001","Green Valley",0
"323",0.30619852518012,0.0100408784416942,0.00353359700779198,"2020","2020_S3_21130002","North Twin East",1
"324",0.362875166883934,0.0163328014221552,0.0339981657878664,"2020","2020_S3_21130001","North Twin West",0
"325",-0.00612685700683894,-0.0259277258935032,-0.024445599184402,"2020","2020_S3_21520001","Viking Lake",4
"326",0.0422924018577949,-0.0250426927829235,-0.0412074417843622,"2020","2020_S3_21620001","Lake Keomah",0
"327",-0.217908564613447,-0.0103873238678598,0.0060503028794637,"2020","2020_S3_21870001","Lake of Three Fires",0
"328",-0.25043568795276,-0.0210489856887034,0.0168433232228339,"2020","2020_S4_21920001","Green Valley",0
"329",0.166867550510872,0.00971554026188764,-0.00981225012382144,"2020","2020_S4_21130002","North Twin East",0
"330",0.14007739501621,0.0117654653245607,-0.00806094468508267,"2020","2020_S4_21130001","North Twin West",0
"331",-0.0285549036241222,-0.00783840956472688,-0.0269959338215328,"2020","2020_S4_21690001","Lake Macbride",0
"332",-0.109835222119634,0.00581379861776599,-0.0185301883400265,"2020","2020_S4_21770001","Lake Keomah",0
"333",-0.178955406422129,-0.000734205978140221,0.00315763050750593,"2020","2020_S4_21130002","Lake of Three Fires",0
"334",-0.0854293724243375,-0.000371702423689784,-0.014390228007418,"2020","2020_S4_21520001","Lake Darling",0
"335",0.0255467247861399,-0.0211428276750725,-0.02386595506089,"2020","2020_S4_21620001","Viking Lake",1
"336",0.33677008297515,0.0454540884150524,0.0118386874417819,"2020","2020_S4_21870001","Big Creek",6
"337",-0.192051130450817,-0.00357076412840535,0.00721739748792827,"2020","2020_S5_21920001","Green Valley",0
"338",-0.21404203491829,-0.00765378341201001,0.00887823673043704,"2020","2020_S5_21520001","Lake Macbride",0
"339",0.123939258181031,0.00911815344473015,-0.0125036957821108,"2020","2020_S5_21130002","North Twin East",0
"340",0.107227486772995,0.0240521852584274,-0.0206932237117953,"2020","2020_S5_21130001","North Twin West",0
"341",-0.23710402280773,-0.0171399989773107,0.0116424868538677,"2020","2020_S5_21920001","Lake Darling",0
"342",-0.2062299063768,-0.0178397366018777,-0.00758559699852136,"2020","2020_S5_21870001","Lake of Three Fires",1
"343",-0.0407361498579082,-0.0152338359209107,-0.0416918033646354,"2020","2020_S5_21690001","Viking Lake",1
"344",-0.223249138912939,-0.0137679498556222,0.00732525016463947,"2020","2020_S5_21620001","Lake Keomah",0
"345",-0.0835284876289584,0.0217717341155839,-0.00055471817453516,"2020","2020_S6_21520001","Lake Macbride",0
"346",-0.111615447544449,-0.00378109909837234,-0.0414824175087031,"2020","2020_S6_21780001","Lake Manawa",3
"347",-0.169635704305849,0.0101516633396864,0.0297725457020476,"2020","2020_S6_21880001","Green Valley",0
"348",-0.1113570044621,0.0169538814921114,-0.0112358792488326,"2020","2020_S6_21130001","North Twin West",2
"349",-0.114585126332391,0.0169976559785444,-0.00843660855256395,"2020","2020_S6_21130002","North Twin East",1
"350",0.0460990017858082,-0.015347309902362,-0.0181024876991326,"2020","2020_S6_21170001","Clear Lake",0
"351",-0.0210826604519012,-0.00392866624407248,-0.0187029277411289,"2020","2020_S6_21690001","Viking Lake",1
"352",-0.259783832007086,-0.0249656083627824,0.00338133802535307,"2020","2020_S6_21830001","Prairie Rose",1
"353",-0.147526476950847,0.0176607944338136,0.0268684938822899,"2020","2020_S6_21870001","Lake of Three Fires",0
"354",-0.154108530378298,0.000486530255998397,-0.0318875477153902,"2020","2020_S7_21780001","Lake Manawa",3
"355",-0.147526476950847,0.0176607944338136,0.0268684938822899,"2020","2020_S7_21880001","Green Valley",0
"356",0.0047985342418344,-0.0112156774642182,-0.0212629515640313,"2020","2020_S7_21170002","McIntosh Woods",1
"357",0.338540494155406,-0.0555165073867925,0.035887745779383,"2020","2020_S7_21520001","Lake Macbride",1
"358",-0.146531547224063,0.00261753902083942,-0.0138172513270054,"2020","2020_S7_21130001","North Twin West",2
"359",-0.147824879630739,0.00305668182588529,-0.0137416121091424,"2020","2020_S7_21130002","North Twin East",2
"360",-0.222439512551076,-0.0163503685840329,-0.00914943078243759,"2020","2020_S7_21620001","Lake Keomah",1
"361",0.253733195365669,0.0246667639283065,-0.00392026949669281,"2020","2020_S7_21920001","Lake Darling",0
"362",0.217554739856148,0.0203563015530961,-0.0232067877021897,"2020","2020_S7_21500001","Rock Creek",2
"363",-0.0573382759857125,-0.00172080518650961,-0.0253649728724676,"2020","2020_S7_21690001","Viking Lake",1
"364",-0.271350700120931,-0.0282550818852012,0.0234470690155653,"2020","2020_S7_21830001","Prairie Rose",0
"365",-0.287581756837356,-0.034636759538454,0.0349518350869957,"2020","2020_S7_21870001","Lake of Three Fires",0
"366",0.181929700447685,-0.03762061617268,0.00104324276701157,"2020","2020_S8_21570001","Pleasant Creek",0
"367",0.198187802115805,-0.0746211775562238,-0.0132871161621925,"2020","2020_S8_21520001","Lake Macbride",4
"368",0.0923555005151112,-0.0290246500818338,-0.0178204457614015,"2020","2020_S8_21260001","Lake Wapello",0
"369",-0.13554977277612,-0.00298561875335381,-0.026131449321985,"2020","2020_S8_21130001","North Twin West",2
"370",-0.151505533345318,-0.00264115156017529,-0.0206544722068336,"2020","2020_S8_21130002","North Twin East",2
"371",-0.233822452571611,-0.0175657040158075,0.0238949546656492,"2020","2020_S8_21880001","Green Valley",0
"372",-0.107347459381751,-0.0124729257314357,-0.0169880657706008,"2020","2020_S8_21870001","Lake of Three Fires",1
"373",-0.0524980205982689,-0.0155938436211712,-0.0457176414361931,"2020","2020_S8_21690001","Viking Lake",1
"374",-0.0101453639238575,-0.0275794075686295,-0.0494080025294785,"2020","2020_S8_21620001","Lake Keomah",4
"375",-0.202832875338482,-0.0154243475200473,0.00554888615169763,"2020","2020_S8_21920001","Lake Darling",0
"376",-0.120183905093944,-0.00622552290852787,-0.0323210555480678,"2020","2020_S9_21520001","Lake Macbride",1
"377",-0.0291821336561134,-0.0235649346645911,-0.0536976212207565,"2020","2020_S9_21520001","Lake Manawa",2
"378",-0.14364707749502,-0.00127970510973898,-0.0218385207735538,"2020","2020_S9_21880001","Green Valley",1
"379",-0.194712775330237,-0.0118964712698852,0.0127674916870073,"2020","2020_S9_21920001","Lake Darling",0
"380",-0.189939873188579,-0.00715405180131623,0.00345818822949739,"2020","2020_S9_21590001","Red Haw",0
"381",-0.111134774019588,-0.000166580518547585,-0.0259938939129649,"2020","2020_S9_21690001","Viking Lake",0
"382",-0.0641270254018223,-0.00877175873987219,-0.033955298455679,"2020","2020_S9_21130002","North Twin East",1
"383",-0.0911145102564143,-0.00382805281626088,-0.031019465765291,"2020","2020_S9_21130001","North Twin West",2
"384",0.0295323348854002,-0.0343377721037486,-0.0381647682477095,"2020","2020_S9_21830001","Prairie Rose",2
"385",-0.120756520883973,0.000856925180309069,-0.0160389473399141,"2020","2020_S9_21870001","Lake of Three Fires",1
"386",-0.107909295918926,0.00117774665453131,-0.0129425725410798,"2020","2020_S10_21590001","Red Haw",0
"387",0.0312700233602963,-0.00277494507462036,-0.0154230923444626,"2020","2020_S10_21890001","Lacey-Keosauqua",0
"388",0.0196733063751512,-0.000912863932029416,-0.0144595467705269,"2020","2020_S10_21040001","Honey Creek Resort",0
"389",-0.135095891040376,-0.00614121852685552,-0.0136947650487925,"2020","2020_S10_21130001","North Twin West",1
"390",-0.130973578971225,-0.0292105978962735,-0.044062674342993,"2020","2020_S10_21130002","North Twin East",1
"391",0.0295323348853959,-0.034337772103807,-0.0381647682476272,"2020","2020_S10_21520001","Lake Macbride",2
"392",-0.0720780271008144,-0.0111470269134671,-0.0439592847060596,"2020","2020_S10_21780001","Lake Manawa",2
"393",-0.190562106172354,0.00357309562991473,0.0378894178101545,"2020","2020_S10_21880001","Green Valley",0
"394",-0.107909295918926,0.00117774665453131,-0.0129425725410798,"2020","2020_S10_21620001","Lake Keomah",0
"395",0.0312700233447038,-0.00277494516996294,-0.0154230919729974,"2020","2020_S10_21830001","Prairie Rose",0
"396",-0.186241690007348,-0.0158417290337624,0.012902334362423,"2020","2020_S10_21920001","Lake Darling",1
"397",-0.0746403004214012,-0.00734832079347988,-0.043428819506969,"2020","2020_S10_21870001","Lake of Three Fires",0
"398",-0.130973578965391,-0.0292105979511082,-0.0440626742896758,"2020","2020_S10_21690001","Viking Lake",1
"399",-0.0132650158394816,-0.000284363240713127,-0.0209784951198468,"2020","2020_S11_21860001","Union Grove",0
"400",-0.239391990355805,-0.0170125772375231,0.0232932421570545,"2020","2020_S11_21040001","Honey Creek Resort",0
"401",-0.0266444261671691,0.0966551839032564,-0.0155872829440162,"2020","2020_S11_21300006","Marble Beach",7
"402",-0.0330711715879893,-0.0238107329087387,-0.0558586929455969,"2020","2020_S11_21520001","Lake Macbride",2
"403",-0.288834061607635,-0.032172860732337,0.0345391723578891,"2020","2020_S11_21780001","Lake Manawa",0
"404",-0.220616968773878,-0.00878864474041845,0.0382349586969498,"2020","2020_S11_21880001","Green Valley",0
"405",-0.0800217809025221,-0.0109464632098849,-0.040000136534387,"2020","2020_S11_21130002","North Twin East",3
"406",-0.117395652970411,-0.00921501625121988,-0.0445405761777658,"2020","2020_S11_21130001","North Twin West",4
"407",-0.075255369143794,0.00698031458400057,-0.0166320465955892,"2020","2020_S11_21130001","Clear Lake",0
"408",-0.184099444083504,-0.00653878712492585,-0.0244909421412288,"2020","2020_S11_21170001","Lake of Three Fires",1
"409",-0.194317356658737,-0.000228412152299577,0.0113276775861373,"2020","2020_S11_21870001","Viking Lake",0
"410",-0.0907999378293157,-0.0101040947304886,-0.0421558903513792,"2020","2020_S11_21690001","Lake Keomah",1
"411",-0.155615153976756,-0.0233521853704138,-0.0112086744570632,"2020","2020_S11_21620001","Lake Darling",1
"412",-0.28880959047685,-0.0321709636227021,0.034535766958774,"2020","2020_S11_21830001","Prairie Rose",0
"413",-0.274329805574028,-0.0286123349442257,0.0309767496567182,"2020","2020_S12_21770001","Big Creek",0
"414",-0.0824757523461035,-0.0053879250967637,-0.0269323756749815,"2020","2020_S12_21040001","Honey Creek Resort",0
"415",-0.227816994247373,-0.0104154520007564,0.039939943317172,"2020","2020_S12_21920001","Lake Darling",0
"416",-0.259458216399448,-0.0203694584654169,0.0413074790007155,"2020","2020_S12_21620001","Lake Keomah",0
"417",-0.135967487874188,0.00622186531885515,0.00074120839643869,"2020","2020_S12_21860001","Union Grove",0
"418",-0.120819073298266,-0.000741636852928609,-0.0382184949940372,"2020","2020_S12_21520001","Lake Macbride",1
"419",-0.16223403380812,-0.00216820745782712,-0.028506137814934,"2020","2020_S12_21130001","North Twin West",3
"420",-0.161999821757843,-0.00352474134409312,-0.0251742789667222,"2020","2020_S12_21130002","North Twin East",1
"421",-0.275774120960643,-0.0273532464140532,0.0364339125107043,"2020","2020_S12_21830001","Prairie Rose",0
"422",-0.282789769803273,-0.0314377559516561,0.0297239142583531,"2020","2020_S12_21300006","Marble Beach",0
"423",-0.114380687599329,-0.00107107044797755,-0.0394198037448635,"2020","2020_S12_21780001","Lake Manawa",1
"424",-0.0824757523461035,-0.00538792509676376,-0.0269323756749814,"2020","2020_S12_21170001","Clear Lake",0
"425",-0.227816994248093,-0.0104154519960254,0.0399399433163817,"2020","2020_S12_21880001","Green Valley",0
"426",-0.272897697224698,-0.0300743644855679,0.0426232599670991,"2020","2020_S12_21870001","Lake of Three Fires",0
"427",-0.094781306410866,-0.00753785850641538,-0.0496345010480033,"2020","2020_S13_21770001","Big Creek",2
"428",-0.271841078729579,-0.0234652818518197,0.049698610564411,"2020","2020_S13_21860001","Union Grove",0
"429",-0.262055663712939,-0.0224667526631168,0.04010338298244,"2020","2020_S13_21860001","Union Grove 10x Dilution",0
"430",0.0155275581202864,-0.0203480447567181,-0.0242230716016106,"2020","2020_S13_21520001","Lake Macbride",1
"431",-0.0691119173843541,-0.0129086286206382,-0.0509423883800098,"2020","2020_S13_21780001","Lake Manawa",1
"432",-0.231102780920862,-0.00826562620366529,0.0453278816485089,"2020","2020_S13_21880001","Green Valley",0
"433",-0.0665852166619799,-0.0106488636533311,-0.0434296862789533,"2020","2020_S13_21130002","North Twin East",2
"434",-0.0686490746362773,-0.00929099399834511,-0.0418781019738411,"2020","2020_S13_21130001","North Twin West",1
"435",-0.233196828440436,-0.0100331655973947,0.0430091031476608,"2020","2020_S13_21920001","Lake Darling",0
"436",-0.0416436614663691,-0.013612553556987,-0.0415817113641161,"2020","2020_S13_21620001","Lake Keomah",0
"437",-0.212173604172082,-0.0102245754395284,-0.000670052259810592,"2020","2020_S13_21690001","Viking Lake",0
"438",-0.200684292611543,-0.00638341978279527,0.00180862106717882,"2020","2020_S13_21870001","Lake of Three Fires",0
"439",-0.243889219613163,-0.0189949705945861,0.0233047546858989,"2020","2020_S13_21830001","Prairie Rose",0
"440",0.120232576552676,-0.0481599943382934,-0.0255262665597088,"2020","2020_S14_21620001","Lake Keomah",1
"441",-0.21266420766629,-0.0074724226132254,0.00683754567900923,"2020","2020_S14_21690001","Viking Lake",0
"442",-0.237735681288763,-0.0160705073083942,0.00782226416216798,"2020","2020_S14_21870001","Lake of Three Fires",0
"443",-0.183645327690293,-0.0124267810185836,0.0192548466360925,"2020","2020_S14_21920001","Lake Darling",0
"444",-0.120840415586728,0.0150796485212375,0.00665797328478542,"2020","2020_S14_21040001","Honey Creek Resort",0
"445",-0.0894525256033925,-0.00495395722539442,-0.0406718290786082,"2020","2020_S14_21130002","North Twin East",1
"446",-0.0880246597342148,-0.00612792336857192,-0.0431934229681183,"2020","2020_S14_21130001","North Twin West",1
"447",-0.0979726548433858,-0.0034577196546475,-0.0381400304240133,"2020","2020_S14_21780001","Lake Manawa",0
"448",-0.248546540380525,-0.0195548982858486,0.0256077885868383,"2020","2020_S14_21880001","Green Valley",0
"449",-0.271287807719509,-0.0188091957657045,0.0609391063803905,"2020","2020_S14_21860001","Union Grove",0
"450",0.114888655488963,0.0285594850811111,-0.00239530107852914,"2020","2020_S15_21940001","Brushy Creek",0
"451",-0.151656376606777,-0.00239233230871402,-0.032105309729834,"2020","2020_S15_21780001","Lake Manawa",1
"452",-0.0809731430340086,3.60822035980215e-05,-0.0261041268738739,"2020","2020_S15_21870001","Lake of Three Fires",0
"453",-0.284350630136315,-0.0306817743366151,0.0334402450608019,"2020","2020_S15_21880001","Green Valley",0
"454",-0.226727040332105,-0.0182384178071779,0.0012584522192525,"2020","2020_S15_21830001","Prairie Rose",0
"455",-0.229773530238339,-0.0139405193510702,0.00974568495006157,"2020","2020_S15_21690001","Viking Lake",0
"456",-0.193031955694609,0.000938819454422388,0.0245634428942964,"2020","2020_S15_21040001","Honey Creek Resort",0
"457",-0.227037150032339,-0.0216885184983972,0.025615228138316,"2020","2020_S15_21300005","Crandall's",0
"458",0.0221542590163184,-0.0328274759767792,-0.0471925394370698,"2020","2020_S15_21620001","Lake Keomah",2
"459",-0.217911764725613,-0.0203485007789521,0.0173297226041339,"2020","2020_S15_21920001","Lake Darling",0
"460",-0.123606041878498,-0.000651565020616962,-0.0346084911066811,"2020","2020_S15_21130001","North Twin West",1
"461",-0.145082307869645,-0.00359276327235434,-0.0384047446262121,"2020","2020_S15_21130002","North Twin East",2
"462",-0.215153001184336,0.00136891869799989,0.0503714339645513,"2020","2020_S15_21860001","Union Grove",0
"463",-0.203960639110957,-0.00657376535407632,0.00462260252517189,"2020","2020_S16_21690001","Viking Lake",0
"464",-0.0623861798015935,-0.00452161587547078,-0.0305401340600842,"2020","2020_S16_21870001","Lake of Three Fires",0
"465",-0.224508253464935,-0.0165649629788793,8.65423079545823e-05,"2020","2020_S16_21830001","Prairie Rose",0
"466",-0.147096705746966,0.00943869602929151,0.00189387990532982,"2020","2020_S16_21040001","Honey Creek Resort",0
"467",-0.135676059012122,3.99582922004668e-05,-0.0241940427056129,"2020","2020_S16_21620001","Lake Keomah",0
"468",-0.159789539227729,-0.00241011261677834,-0.0256586385243441,"2020","2020_S16_21130002","North Twin East",1
"469",-0.166026360072981,-0.00279235797985365,-0.025433880901061,"2020","2020_S16_21130001","North Twin West",1
"470",-0.293069099586573,-0.0348284803619591,0.0303725647030262,"2020","2020_S16_21920001","Lake Darling",0
"471",-0.18289039371303,-0.0072765992303594,0.00462117667713156,"2020","2020_S16_21860001","Union Grove",0
"472",-0.253997249629725,-0.0211050691376715,0.0347014228165624,"2020","2020_S16_21300006","Marble Beach",0
"473",-0.135422785541114,0.000380326122029964,-0.0294712056373219,"2020","2020_S16_21780001","Lake Manawa",0
"474",-0.316699396023838,-0.042801109603913,0.0396304586394369,"2020","2020_S16_21880001","Green Valley",0
